<?xml version="1.0" encoding="UTF-8" standalone="no"?>
<ExtensionManifest ExtensionBundleId="com.codeadventure.prisma.extension" ExtensionBundleName="com.codeadventure.prisma" ExtensionBundleVersion="1.1.2" Version="5.0">

  <ExtensionList>
    <Extension Id="com.codeadventure.prisma" Version="1.1.2"/>
  </ExtensionList>

  <ExecutionEnvironment>

    <HostList>
      <Host Name="PHXS" Version="15.0" />
      <Host Name="PHSP" Version="15.0" />
    </HostList>

    <LocaleList>
      <Locale Code="All"/>
    </LocaleList>

    <RequiredRuntimeList>
      <RequiredRuntime Name="CSXS" Version="5.0"/>
    </RequiredRuntimeList>

  </ExecutionEnvironment>

  <DispatchInfoList>
    <Extension Id="com.codeadventure.prisma">

      <DispatchInfo>

        <CEFCommandLine>
          <Parameter>--allow-file-access-from-files</Parameter>
          <Parameter>--disable-application-cache</Parameter>
        </CEFCommandLine>

        <Resources>
          <MainPath>./index.html</MainPath>
          <ScriptPath>./jsx/prisma.jsx</ScriptPath>
          <CEFCommandLine>
            <Parameter>--enable-nodejs</Parameter>
          </CEFCommandLine>
        </Resources>

        <Lifecycle>
          <AutoVisible>true</AutoVisible>
        </Lifecycle>

        <UI>
          <Type>Panel</Type>
          <Menu>Prisma</Menu>
          <Geometry>
            <Size>
              <Height>400</Height>
              <Width>400</Width>
            </Size>
          </Geometry>
          <Icons>
            <Icon Type="Normal">./icons/prisma-icon-light.png</Icon>
            <Icon Type="RollOver">./icons/prisma-icon-light-hover.png</Icon>
            <Icon Type="Disabled">./icons/prisma-icon-light-disabled.png</Icon>
            <Icon Type="DarkNormal">./icons/prisma-icon-dark.png</Icon>
            <Icon Type="DarkRollOver">./icons/prisma-icon-dark-hover.png</Icon>
          </Icons>
        </UI>

      </DispatchInfo>

    </Extension>
  </DispatchInfoList>

</ExtensionManifest>
